f5_bigip,index,shared_ev_pci_net
f5_bigip_irule,index,shared_ev_pci_net
f5_bigip_asm,index,shared_ev_pci_net
f5_bigip_nix,index,shared_ev_pci_net
f5_bigip_access_json,index,shared_ev_pci_net
f5_bigip_syslog,index,shared_ev_pci_net
cisco_acs,index,shared_ev_pci_net
cisco_asa,index,shared_ev_pci_sec
cisco_ios,index,shared_ev_pci_net
cisco_ucs,index,shared_ev_infra_prod
netapp_ontapp,index,shared_ev_infra_prod
vmware_vsphere,index,shared_ev_infra_prod
vmware_esx,index,shared_ev_infra_prod
vmware_esx_nix_syslog,index,shared_ev_infra_prod
pan_log,index,shared_ev_pci_sec
pan_globalprotect,index,shared_ev_pci_sec
pan_traffic,index,shared_ev_pci_sec
pan_threat,index,shared_ev_pci_sec
pan_system,index,shared_ev_pci_sec
pan_config,index,shared_ev_pci_sec
hipmatch,index,shared_ev_pci_sec
pan_correlation,index,shared_ev_pci_sec
nix_syslog,index,shared_ev_infra_prod